{"cameraMode":{"drawMode":0,"name":"Shaded","section":"Shading Mode"},"sceneLighting":true,"audioPlay":false,"sceneViewState":{"m_AlwaysRefresh":false,"showFog":true,"showSkybox":true,"showFlares":true,"showImageEffects":true,"showParticleSystems":true,"showVisualEffectGraphs":true,"m_FxEnabled":true},"in2DMode":false,"pivot":{"x":1.557499647140503,"y":6.855044364929199,"z":1.249373435974121},"rotation":{"x":-0.09135068207979202,"y":-0.021814825013279916,"z":0.0020025139674544336,"w":-0.9955819249153137},"size":2.750668525695801,"orthographic":false}